{"avg_mse": 0.0003102184519327734, "avg_ssim": 0.707059023126457}