{"avg_mse": 0.0007341986015830252, "avg_ssim": 0.6198693162945917}